idLocality;idKeyInformName;valueAll;reportingPeriod
00000000;0201010101;2526,53;2017
00000000;0801020101;12380,664;2017
00000000;0801020201;1824;2017
00000000;0801020202;7247;2017
00000000;0801020203;3310;2017
00000000;0501020301;-;2017
00000000;0501020302;-;2017
00000000;0801030101;247847,9266;2017
00000000;0501030201;-;2017
00000000;0501030202;-;2017
00000000;0801040101;-;2017
00000000;0801040201;-;2017
00000000;0501040301;-;2017
00000000;0501040302;-;2017
00000000;0801040401;-;2017
00000000;0801040501;-;2017
01000000;0201010101;1080,83;2017
01000000;0801020101;12041,433;2017
01000000;0801020201;-;2017
01000000;0801020202;-;2017
01000000;0801020203;-;2017
01000000;0501020301;389527;2017
01000000;0501020302;884877;2017
01000000;0801030101;224363,4826;2017
01000000;0501030201;380084;2017
01000000;0501030202;934202;2017
01000000;0801040101;19,10668652;2017
01000000;0801040201;1,161800647;2017
01000000;0501040301;-9443;2017
01000000;0501040302;49325;2017
01000000;0801040401;0,914848585;2017
01000000;0801040501;108,8711193;2017
01010000;0201010101;66,18;2017
01010000;0801020101;769,63;2017
01010000;0801020201;-;2017
01010000;0801020202;-;2017
01010000;0801020203;-;2017
01010000;0501020301;20325;2017
01010000;0501020302;70176;2017
01010000;0801030101;17902,60043;2017
01010000;0501030201;18658;2017
01010000;0501030202;71297;2017
01010000;0801040101;18,25626818;2017
01010000;0801040201;0,94417202;2017
01010000;0501040301;-1667;2017
01010000;0501040302;1121;2017
01010000;0801040401;0,687543769;2017
01010000;0801040501;52,98557511;2017
01010100;0201010101;2,11;2017
01010100;0801020101;34,396;2017
01010100;0801020201;-;2017
01010100;0801020202;-;2017
01010100;0801020203;-;2017
01010100;0501020301;158;2017
01010100;0501020302;2536;2017
01010100;0801030101;797,0184;2017
01010100;0501030201;205;2017
01010100;0501030202;2300;2017
01010100;0801040101;22,56940391;2017
01010100;0801040201;1,041211024;2017
01010100;0501040301;47;2017
01010100;501040302;-236;2017
01010100;0801040401;4,27540796;2017
01010100;0801040501;76,13679915;2017
01010200;0201010101;8,37;2017
01010200;0801020101;110,083;2017
01010200;0801020201;-;2017
01010200;0801020202;-;2017
01010200;0801020203;-;2017
01010200;0501020301;3056;2017
01010200;0501020302;11384;2017
01010200;0801030101;2360,0526;2017
01010200;0501030201;4388;2017
01010200;0501030202;17092;2017
01010200;0801040101;31,31247225;2017
01010200;0801040201;1,016774892;2017
01010200;0501040301;1332;2017
01010200;0501040302;5708;2017
01010200;0801040401;1,925069367;2017
01010200;0801040501;151,1888188;2017
01010300;0201010101;4,32;2017
01010300;0801020101;57,871;2017
01010300;0801020201;-;2017
01010300;0801020202;-;2017
01010300;0801020203;-;2017
01010300;0501020301;3498;2017
01010300;0501020302;7179;2017
01010300;0801030101;1099,684;2017
01010300;0501030201;2525;2017
01010300;0501030202;7060;2017
01010300;0801040101;19,37082699;2017
01010300;0801040201;0,709134596;2017
01010300;0501040301;-973;2017
01010300;0501040302;-119;2017
01010300;0801040401;1,16075187;2017
01010300;0801040501;96,83359048;2017
01010400;0201010101;4,96;2017
01010400;0801020101;48,474;2017
01010400;0801020201;-;2017
01010400;0801020202;-;2017
01010400;0801020203;-;2017
01010400;0501020301;718;2017
01010400;0501020302;4161;2017
01010400;0801030101;895,9196;2017
01010400;0501030201;475;2017
01010400;0501030202;4975;2017
01010400;0801040101;20,78563134;2017
01010400;0801040201;0,72654665;2017
01010400;0501040301;-243;2017
01010400;0501040302;814;2017
01010400;0801040401;1,029642984;2017
01010400;0801040501;94,34359292;2017
01010500;0201010101;4,6;2017
01010500;0801020101;60,121;2017
01010500;0801020201;-;2017
01010500;0801020202;-;2017
01010500;0801020203;-;2017
01010500;0501020301;1456;2017
01010500;0501020302;3114;2017
01010500;0801030101;1403,2187;2017
01010500;0501030201;1200;2017
01010500;0501030202;3310;2017
01010500;0801040101;19,56768592;2017
01010500;0801040201;0,997399854;2017
01010500;0501040301;-256;2017
01010500;0501040302;196;2017
01010500;0801040401;2,000658321;2017
01010500;0801040501;86,81364879;2017
01010600;0201010101;11,7;2017
01010600;0801020101;126,178;2017
01010600;0801020201;-;2017
01010600;0801020202;-;2017
01010600;0801020203;-;2017
01010600;0501020301;3096;2017
01010600;0501020302;9514;2017
01010600;0801030101;3093,5225;2017
01010600;0501030201;3090;2017
01010600;0501030202;7850;2017
01010600;0801040101;24,64203347;2017
01010600;0801040201;0,912353371;2017
01010600;0501040301;-6;2017
01010600;0501040302;-1664;2017
01010600;0801040401;1,323211672;2017
01010600;0801040501;46,52008745;2017
01010700;0201010101;8;2017
01010700;0801020101;119,989;2017
01010700;0801020201;-;2017
01010700;0801020202;-;2017
01010700;0801020203;-;2017
01010700;0501020301;3373;2017
01010700;0501020302;9148;2017
01010700;0801030101;2477,98373;2017
01010700;0501030201;2615;2017
01010700;0501030202;8290;2017
01010700;0801040101;33,10769935;2017
01010700;0801040201;0,721461174;2017
01010700;0501040301;-758;2017
01010700;0501040302;-858;2017
01010700;0801040401;18,1318108;2017
01010700;0801040501;365,2151918;2017
01010800;0201010101;7,27;2017
01010800;0801020101;77,234;2017
01010800;0801020201;-;2017
01010800;0801020202;-;2017
01010800;0801020203;-;2017
01010800;0501020301;1672;2017
01010800;0501020302;9486;2017
01010800;0801030101;2123,2329;2017
01010800;0501030201;1295;2017
01010800;0501030202;8890;2017
01010800;0801040101;18,5;2017
01010800;0801040201;1,02;2017
01010800;0501040301;-377;2017
01010800;0501040302;-596;2017
01010800;0801040401;2,59;2017
01010800;0801040501;75,18;2017
01010900;0201010101;10,1;2017
01010900;0801020101;107,821;2017
01010900;0801020201;-;2017
01010900;0801020202;-;2017
01010900;0801020203;-;2017
01010900;0501020301;2625;2017
01010900;0501020302;11394;2017
01010900;0801030101;2827,2907;2017
01010900;0501030201;2265;2017
01010900;0501030202;8880;2017
01010900;0801040101;18,29620608;2017
01010900;0801040201;0,967897672;2017
01010900;0501040301;-360;2017
01010900;0501040302;-2514;2017
01010900;0801040401;2,998323355;2017
01010900;0801040501;121,501912;2017
01011000;0201010101;4,8;2017
01011000;0801020101;27,463;2017
01011000;0801020201;-;2017
01011000;0801020202;-;2017
01011000;0801020203;-;2017
01011000;0501020301;673;2017
01011000;0501020302;2260;2017
01011000;0801030101;824,6773;2017
01011000;0501030201;600;2017
01011000;0501030202;2650;2017
01011000;0801040101;14,36745998;2017
01011000;0801040201;0,828084662;2017
01011000;0501040301;-73;2017
01011000;0501040302;390;2017
01011000;0801040401;0,508957154;2017
01011000;0801040501;59,70892259;2017
01020000;0201010101;113,73;2017
01020000;0801020101;1160,576;2017
01020000;0801020201;-;2017
01020000;0801020202;-;2017
01020000;0801020203;-;2017
01020000;0501020301;37989;2017
01020000;0501020302;84281;2017
01020000;0801030101;23647,1572;2017
01020000;0501030201;31206;2017
01020000;0501030202;83512;2017
01020000;0801040101;18,05656026;2017
01020000;0801040201;0,917886408;2017
01020000;0501040301;-6783;2017
01020000;0501040302;-769;2017
01020000;0801040401;1,586038887;2017
01020000;0801040501;52,76647354;2017
01020100;0201010101;4,58;2017
01020100;0801020101;78,867;2017
01020100;0801020201;-;2017
01020100;0801020202;-;2017
01020100;0801020203;-;2017
01020100;0501020301;2140;2017
01020100;0501020302;4705;2017
01020100;0801030101;1739,9237;2017
01020100;0501030201;1365;2017
01020100;0501030202;3730;2017
01020100;0801040101;15,68392914;2017
01020100;0801040201;1,110706379;2017
01020100;0501040301;-775;2017
01020100;0501040302;-975;2017
01020100;0801040401;1,497685391;2017
01020100;0801040501;24,43571776;2017
01020200;0201010101;5,56;2017
01020200;0801020101;42,691;2017
01020200;0801020201;-;2017
01020200;0801020202;-;2017
01020200;0801020203;-;2017
01020200;0501020301;963;2017
01020200;0501020302;1923;2017
01020200;0801030101;790,5386;2017
01020200;0501030201;1001;2017
01020200;0501030202;2690;2017
01020200;0801040101;16,09853165;2017
01020200;0801040201;1,038422486;2017
01020200;0501040301;38;2017
01020200;0501040302;767;2017
01020200;0801040401;2,628596818;2017
01020200;0801040501;148,2811822;2017
01020300;0201010101;3,3;2017
01020300;0801020101;77,894;2017
01020300;0801020201;-;2017
01020300;0801020202;-;2017
01020300;0801020203;-;2017
01020300;0501020301;3283;2017
01020300;0501020302;7607;2017
01020300;0801030101;1578,2408;2017
01020300;0501030201;2890;2017
01020300;0501030202;7320;2017
01020300;0801040101;17,95284793;2017
01020300;0801040201;1,156679277;2017
01020300;0501040301;-393;2017
01020300;0501040302;-287;2017
01020300;0801040401;1,561999835;2017
01020300;0801040501;43,73204105;2017
01020400;0201010101;6,61;2017
01020400;0801020101;69,311;2017
01020400;0801020201;-;2017
01020400;0801020202;-;2017
01020400;0801020203;-;2017
01020400;0501020301;2322;2017
01020400;0501020302;6221;2017
01020400;0801030101;1526,5127;2017
01020400;0501030201;2180;2017
01020400;0501030202;7700;2017
01020400;0801040101;18,26975405;2017
01020400;0801040201;0,983465068;2017
01020400;0501040301;-142;2017
01020400;0501040302;1479;2017
01020400;0801040401;1,156664373;2017
01020400;0801040501;45,46755558;2017
01020500;0201010101;3,77;2017
01020500;0801020101;98,347;2017
01020500;0801020201;-;2017
01020500;0801020202;-;2017
01020500;0801020203;-;2017
01020500;0501020301;2974;2017
01020500;0501020302;5840;2017
01020500;0801030101;1592,442;2017
01020500;0501030201;2325;2017
01020500;0501030202;6595;2017
01020500;0801040101;20,34542212;2017
01020500;0801040201;0,971823831;2017
01020500;0501040301;-649;2017
01020500;0501040302;755;2017
01020500;0801040401;5,675416171;2017
01020500;0801040501;94,45784745;2017
01020600;0201010101;8,93;2017
01020600;0801020101;103,064;2017
01020600;0801020201;-;2017
01020600;0801020202;-;2017
01020600;0801020203;-;2017
01020600;0501020301;2794;2017
01020600;0501020302;5424;2017
01020600;0801030101;1849,8309;2017
01020600;0501030201;2775;2017
01020600;0501030202;4950;2017
01020600;0801040101;16,63163727;2017
01020600;0801040201;0,665652848;2017
01020600;0501040301;-19;2017
01020600;0501040302;-474;2017
01020600;0801040401;4,017128239;2017
01020600;0801040501;157,4828647;2017
01020700;0201010101;7,29;2017
01020700;0801020101;92,517;2017
01020700;0801020201;-;2017
01020700;0801020202;-;2017
01020700;0801020203;-;2017
01020700;0501020301;2858;2017
01020700;0501020302;5817;2017
01020700;0801030101;1385,7063;2017
01020700;0501030201;2135;2017
01020700;0501030202;5835;2017
01020700;0801040101;18,1158367;2017
01020700;0801040201;1,043278938;2017
01020700;0501040301;-723;2017
01020700;0501040302;18;2017
01020700;0801040401;9,265030519;2017
01020700;0801040501;194,2718893;2017
01020800;0201010101;7,53;2017
01020800;0801020101;81,597;2017
01020800;0801020201;-;2017
01020800;0801020202;-;2017
01020800;0801020203;-;2017
01020800;0501020301;3050;2017
01020800;0501020302;6125;2017
01020800;0801030101;1559,0483;2017
01020800;0501030201;2800;2017
01020800;0501030202;6875;2017
01020800;0801040101;17,81628906;2017
01020800;0801040201;1,065387032;2017
01020800;0501040301;-250;2017
01020800;0501040302;750;2017
01020800;0801040401;2,067936233;2017
01020800;0801040501;68,44715397;2017
01020900;0201010101;5,38;2017
01020900;0801020101;101,098;2017
01020900;0801020201;-;2017
01020900;0801020202;-;2017
01020900;0801020203;-;2017
01020900;0501020301;3316;2017
01020900;0501020302;8976;2017
01020900;0801030101;1845,6722;2017
01020900;0501030201;2680;2017
01020900;0501030202;7709;2017
01020900;0801040101;22,22057781;2017
01020900;0801040201;1,112195733;2017
01020900;0501040301;-636;2017
01020900;0501040302;-1267;2017
01020900;0801040401;3,049057807;2017
01020900;0801040501;122,9023486;2017
01021000;0201010101;6,46;2017
01021000;0801020101;53,314;2017
01021000;0801020201;-;2017
01021000;0801020202;-;2017
01021000;0801020203;-;2017
01021000;0501020301;1716;2017
01021000;0501020302;2875;2017
01021000;0801030101;1203,2652;2017
01021000;0501030201;1645;2017
01021000;0501030202;2750;2017
01021000;0801040101;18,68710956;2017
01021000;0801040201;1,195429609;2017
01021000;0501040301;-71;2017
01021000;0501040302;-125;2017
01021000;0801040401;5,272737419;2017
01021000;0801040501;83,02405994;2017
01021100;0201010101;21,78;2017
01021100;0801020101;7,208;2017
01021100;0801020201;-;2017
01021100;0801020202;-;2017
01021100;0801020203;-;2017
01021100;0501020301;637;2017
01021100;0501020302;1505;2017
01021100;0801030101;225,7003;2017
01021100;0501030201;225;2017
01021100;0501030202;1180;2017
01021100;0801040101;16,1835225;2017
01021100;0801040201;0,994105335;2017
01021100;0501040301;-412;2017
01021100;0501040302;-325;2017
01021100;0801040401;0,516917139;2017
01021100;0801040501;33,6608573;2017
01021200;0201010101;2,7;2017
01021200;0801020101;59,106;2017
01021200;0801020201;-;2017
01021200;0801020202;-;2017
01021200;0801020203;-;2017
01021200;0501020301;1323;2017
01021200;0501020302;2742;2017
01021200;0801030101;1144,9321;2017
01021200;0501030201;945;2017
01021200;0501030202;2950;2017
01021200;0801040101;27,54884276;2017
01021200;0801040201;1,132110748;2017
01021200;0501040301;-378;2017
01021200;0501040302;208;2017
01021200;0801040401;7,518186488;2017
01021200;0801040501;114,3693625;2017
01021300;0201010101;3,72;2017
01021300;0801020101;59,073;2017
01021300;0801020201;-;2017
01021300;0801020202;-;2017
01021300;0801020203;-;2017
01021300;0501020301;1919;2017
01021300;0501020302;4775;2017
01021300;0801030101;1227,8696;2017
01021300;0501030201;1430;2017
01021300;0501030202;5160;2017
01021300;0801040101;17,55821873;2017
01021300;0801040201;1,132708246;2017
01021300;0501040301;-489;2017
01021300;0501040302;385;2017
01021300;0801040401;1,006608868;2017
01021300;0801040501;32,5822428;2017
01021400;0201010101;10,43;2017
01021400;0801020101;83,394;2017
01021400;0801020201;-;2017
01021400;0801020202;-;2017
01021400;0801020203;-;2017
01021400;0501020301;2434;2017
01021400;0501020302;4790;2017
01021400;0801030101;1631,8276;2017
01021400;0501030201;1955;2017
01021400;0501030202;4548;2017
01021400;0801040101;15,06982743;2017
01021400;0801040201;1,094425797;2017
01021400;0501040301;-479;2017
01021400;0501040302;-242;2017
01021400;0801040401;3,452673962;2017
01021400;0801040501;74,9398118;2017
01021500;0201010101;5,73;2017
01021500;0801020101;85,401;2017
01021500;0801020201;-;2017
01021500;0801020202;-;2017
01021500;0801020203;-;2017
01021500;0501020301;3568;2017
01021500;0501020302;7694;2017
01021500;0801030101;2104,4543;2017
01021500;0501030201;2690;2017
01021500;0501030202;6700;2017
01021500;0801040101;17,2;2017
01021500;0801040201;0,95;2017
01021500;0501040301;-878;2017
01021500;0501040302;-994;2017
01021500;0801040401;1,58;2017
01021500;0801040501;76,34;2017
01021600;0201010101;9,88;2017
01021600;0801020101;67,694;2017
01021600;0801020201;-;2017
01021600;0801020202;-;2017
01021600;0801020203;-;2017
01021600;0501020301;2692;2017
01021600;0501020302;7262;2017
01021600;0801030101;2241,1926;2017
01021600;0501030201;2165;2017
01021600;0501030202;6820;2017
01021600;0801040101;17,40835028;2017
01021600;0801040201;0,945506614;2017
01021600;0501040301;-527;2017
01021600;0501040302;-442;2017
01021600;0801040401;0,584932728;2017
01021600;0801040501;53,59839689;2017
01030000;0201010101;101,88;2017
01030000;0801020101;1415,283;2017
01030000;0801020201;-;2017
01030000;0801020202;-;2017
01030000;0801020203;-;2017
01030000;0501020301;41944;2017
01030000;0501020302;92390;2017
01030000;0801030101;24741,2211;2017
01030000;0501030201;51782;2017
01030000;0501030202;108003;2017
01030000;0801040101;16,4939872;2017
01030000;0801040201;1,019782791;2017
01030000;0501040301;9838;2017
01030000;0501040302;15613;2017
01030000;0801040401;1,545104159;2017
01030000;0801040501;48,94132707;2017
01030100;0201010101;5,3;2017
01030100;0801020101;80,339;2017
01030100;0801020201;-;2017
01030100;0801020202;-;2017
01030100;0801020203;-;2017
01030100;0501020301;1751;2017
01030100;0501020302;4775;2017
01030100;0801030101;1469,8989;2017
01030100;0501030201;1980;2017
01030100;0501030202;5385;2017
01030100;0801040101;16,26690796;2017
01030100;0801040201;0,745528752;2017
01030100;0501040301;229;2017
01030100;0501040302;610;2017
01030100;0801040401;0,438516037;2017
01030100;0801040501;30,93304025;2017
01030200;0201010101;3,25;2017
01030200;0801020101;57,228;2017
01030200;0801020201;-;2017
01030200;0801020202;-;2017
01030200;0801020203;-;2017
01030200;0501020301;1484;2017
01030200;0501020302;3740;2017
01030200;0801030101;822,221;2017
01030200;0501030201;1800;2017
01030200;0501030202;3650;2017
01030200;0801040101;13,68898724;2017
01030200;0801040201;0,593452381;2017
01030200;0501040301;316;2017
01030200;0501040302;-90;2017
01030200;0801040401;1,82522682;2017
01030200;0801040501;95,00726195;2017
01030300;0201010101;5,07;2017
01030300;0801020101;88,152;2017
01030300;0801020201;-;2017
01030300;0801020202;-;2017
01030300;0801020203;-;2017
01030300;0501020301;2702;2017
01030300;0501020302;5661;2017
01030300;0801030101;1591,7219;2017
01030300;0501030201;2945;2017
01030300;0501030202;6755;2017
01030300;0801040101;17,64645597;2017
01030300;0801040201;1,071577659;2017
01030300;0501040301;243;2017
01030300;0501040302;1094;2017
01030300;0801040401;0,403328475;2017
01030300;0801040501;57,4683722;2017
01030400;0201010101;6,45;2017
01030400;0801020101;159,811;2017
01030400;0801020201;-;2017
01030400;0801020202;-;2017
01030400;0801020203;-;2017
01030400;0501020301;5231;2017
01030400;0501020302;11370;2017
01030400;0801030101;2506,4644;2017
01030400;0501030201;7191;2017
01030400;0501030202;13024;2017
01030400;0801040101;16,23091247;2017
01030400;0801040201;0,940702902;2017
01030400;0501040301;1960;2017
01030400;0501040302;1654;2017
01030400;0801040401;0,669992699;2017
01030400;0801040501;27,80534895;2017
01030500;0201010101;5,04;2017
01030500;0801020101;70,896;2017
01030500;0801020201;-;2017
01030500;0801020202;-;2017
01030500;0801020203;-;2017
01030500;0501020301;1806;2017
01030500;0501020302;3449;2017
01030500;0801030101;1141,3215;2017
01030500;0501030201;2170;2017
01030500;0501030202;3580;2017
01030500;0801040101;19,25623999;2017
01030500;0801040201;0,88193417;2017
01030500;0501040301;364;2017
01030500;0501040302;131;2017
01030500;0801040401;5,099318914;2017
01030500;0801040501;79,4116393;2017
01030600;0201010101;5,79;2017
01030600;0801020101;85,097;2017
01030600;0801020201;-;2017
01030600;0801020202;-;2017
01030600;0801020203;-;2017
01030600;0501020301;3157;2017
01030600;0501020302;7390;2017
01030600;0801030101;1527,7335;2017
01030600;0501030201;3567;2017
01030600;0501030202;8543;2017
01030600;0801040101;18,2262012;2017
01030600;0801040201;0,430291621;2017
01030600;0501040301;410;2017
01030600;0501040302;1153;2017
01030600;0801040401;2,006070995;2017
01030600;0801040501;75,9238317;2017
01030700;0201010101;5,54;2017
01030700;0801020101;82,821;2017
01030700;0801020201;-;2017
01030700;0801020202;-;2017
01030700;0801020203;-;2017
01030700;0501020301;2744;2017
01030700;0501020302;6935;2017
01030700;0801030101;1513,1193;2017
01030700;0501030201;3329;2017
01030700;0501030202;7571;2017
01030700;0801040101;15,22663278;2017
01030700;0801040201;1,074670071;2017
01030700;0501040301;585;2017
01030700;0501040302;636;2017
01030700;0801040401;0,716161909;2017
01030700;0801040501;193,8019273;2017
01030800;0201010101;2,26;2017
01030800;0801020101;33,64;2017
01030800;0801020201;-;2017
01030800;0801020202;-;2017
01030800;0801020203;-;2017
01030800;0501020301;1462;2017
01030800;0501020302;2457;2017
01030800;0801030101;684,42;2017
01030800;0501030201;1145;2017
01030800;0501030202;2130;2017
01030800;0801040101;17,36933736;2017
01030800;0801040201;0,987110736;2017
01030800;0501040301;-317;2017
01030800;0501040302;-327;2017
01030800;0801040401;1,480373199;2017
01030800;0801040501;47,93077965;2017
01030900;0201010101;4,68;2017
01030900;0801020101;67,234;2017
01030900;0801020201;-;2017
01030900;0801020202;-;2017
01030900;0801020203;-;2017
01030900;0501020301;749;2017
01030900;0501020302;1259;2017
01030900;0801030101;1118,2115;2017
01030900;0501030201;910;2017
01030900;0501030202;3350;2017
01030900;0801040101;15,73064125;2017
01030900;0801040201;0,864097176;2017
01030900;0501040301;161;2017
01030900;0501040302;2091;2017
01030900;0801040401;0,573460456;2017
01030900;0801040501;26,33715101;2017
01031000;0201010101;12,46;2017
01031000;0801020101;63,075;2017
01031000;0801020201;-;2017
01031000;0801020202;-;2017
01031000;0801020203;-;2017
01031000;0501020301;1587;2017
01031000;0501020302;4834;2017
01031000;0801030101;1142,6564;2017
01031000;0501030201;1530;2017
01031000;0501030202;5430;2017
01031000;0801040101;16,19209745;2017
01031000;0801040201;0,919391615;2017
01031000;0501040301;-57;2017
01031000;0501040302;596;2017
01031000;0801040401;1,136942309;2017
01031000;0801040501;94,3846824;2017
01031100;0201010101;10,16;2017
01031100;0801020101;183,921;2017
01031100;0801020201;-;2017
01031100;0801020202;-;2017
01031100;0801020203;-;2017
01031100;0501020301;6652;2017
01031100;0501020302;13168;2017
01031100;0801030101;3276,7897;2017
01031100;0501030201;6960;2017
01031100;0501030202;15160;2017
01031100;0801040101;16,95250206;2017
01031100;0801040201;0,938649632;2017
01031100;0501040301;308;2017
01031100;0501040302;1992;2017
01031100;0801040401;1,564823361;2017
01031100;0801040501;121,0921493;2017
01031200;0201010101;3,54;2017
01031200;0801020101;39,217;2017
01031200;0801020201;-;2017
01031200;0801020202;-;2017
01031200;0801020203;-;2017
01031200;0501020301;1069;2017
01031200;0501020302;1977;2017
01031200;0801030101;871,4244;2017
01031200;0501030201;1250;2017
01031200;0501030202;2880;2017
01031200;0801040101;18,7984435;2017
01031200;0801040201;1,120480383;2017
01031200;0501040301;181;2017
01031200;0501040302;903;2017
01031200;0801040401;2,008638692;2017
01031200;0801040501;51,70000316;2017
01031300;0201010101;4,41;2017
01031300;0801020101;61,821;2017
01031300;0801020201;-;2017
01031300;0801020202;-;2017
01031300;0801020203;-;2017
01031300;0501020301;0;2017
01031300;0501020302;354;2017
01031300;0801030101;1155,2558;2017
01031300;0501030201;2140;2017
01031300;0501030202;4090;2017
01031300;0801040101;17,80768684;2017
01031300;0801040201;0,88210999;2017
01031300;0501040301;2140;2017
01031300;0501040302;3736;2017
01031300;0801040401;2,573935224;2017
01031300;0801040501;217,8998508;2017
01031400;0201010101;5,66;2017
01031400;0801020101;126,694;2017
01031400;0801020201;-;2017
01031400;0801020202;-;2017
01031400;0801020203;-;2017
01031400;0501020301;3952;2017
01031400;0501020302;8515;2017
01031400;0801030101;2050,3552;2017
01031400;0501030201;5385;2017
01031400;0501030202;9515;2017
01031400;0801040101;19,18273992;2017
01031400;0801040201;1,034456191;2017
01031400;0501040301;1433;2017
01031400;0501040302;1000;2017
01031400;0801040401;4,459443732;2017
01031400;0801040501;151,6265623;2017
01031500;0201010101;10,29;2017
01031500;0801020101;33,096;2017
01031500;0801020201;-;2017
01031500;0801020202;-;2017
01031500;0801020203;-;2017
01031500;0501020301;1836;2017
01031500;0501020302;3601;2017
01031500;0801030101;911,7565;2017
01031500;0501030201;1410;2017
01031500;0501030202;3620;2017
01031500;0801040101;17,4;2017
01031500;0801040201;0,98;2017
01031500;0501040301;-426;2017
01031500;0501040302;19;2017
01031500;0801040401;1,88;2017
01031500;0801040501;87,37;2017
01031600;0201010101;3,87;2017
01031600;0801020101;85,007;2017
01031600;0801020201;-;2017
01031600;0801020202;-;2017
01031600;0801020203;-;2017
01031600;0501020301;2830;2017
01031600;0501020302;6738;2017
01031600;0801030101;1492,5715;2017
01031600;0501030201;4275;2017
01031600;0501030202;6840;2017
01031600;0801040101;16,51358004;2017
01031600;0801040201;0,921858978;2017
01031600;0501040301;1445;2017
01031600;0501040302;102;2017
01031600;0801040401;0,868496564;2017
01031600;0801040501;41,02655368;2017
01031700;0201010101;7,99;2017
01031700;0801020101;97,234;2017
01031700;0801020201;-;2017
01031700;0801020202;-;2017
01031700;0801020203;-;2017
01031700;0501020301;2932;2017
01031700;0501020302;6167;2017
01031700;0801030101;1465,2996;2017
01031700;0501030201;3795;2017
01031700;0501030202;6480;2017
01031700;0801040101;11,85867863;2017
01031700;0801040201;1,157650176;2017
01031700;0501040301;863;2017
01031700;0501040302;313;2017
01031700;0801040401;4,256673371;2017
01031700;0801040501;88,83501497;2017
01040000;0201010101;154,84;2017
01040000;0801020101;1507,198;2017
01040000;0801020201;-;2017
01040000;0801020202;-;2017
01040000;0801020203;-;2017
01040000;0501020301;47646;2017
01040000;0501020302;108909;2017
01040000;0801030101;25925,2286;2017
01040000;0501030201;40567;2017
01040000;0501030202;109735;2017
01040000;0801040101;16,06918755;2017
01040000;0801040201;1,146740177;2017
01040000;0501040301;-7079;2017
01040000;0501040302;826;2017
01040000;0801040401;0,875939736;2017
01040000;0801040501;20,57062754;2017
01040100;0201010101;10,24;2017
01040100;0801020101;107,697;2017
01040100;0801020201;-;2017
01040100;0801020202;-;2017
01040100;0801020203;-;2017
01040100;0501020301;3306;2017
01040100;0501020302;7372;2017
01040100;0801030101;1874,8271;2017
01040100;0501030201;2330;2017
01040100;0501030202;7700;2017
01040100;0801040101;14,70574745;2017
01040100;0801040201;1,08511228;2017
01040100;0501040301;-976;2017
01040100;0501040302;328;2017
01040100;0801040401;4,472341953;2017
01040100;0801040501;242,7685735;2017
01040200;0201010101;10,67;2017
01040200;0801020101;122,073;2017
01040200;0801020201;-;2017
01040200;0801020202;-;2017
01040200;0801020203;-;2017
01040200;0501020301;3416;2017
01040200;0501020302;7282;2017
01040200;0801030101;2013,4705;2017
01040200;0501030201;3695;2017
01040200;0501030202;7870;2017
01040200;0801040101;17,26736811;2017
01040200;0801040201;0,813795487;2017
01040200;0501040301;279;2017
01040200;0501040302;588;2017
01040200;0801040401;2,234469547;2017
01040200;0801040501;57,44898279;2017
01040300;0201010101;3,85;2017
01040300;0801020101;77,913;2017
01040300;0801020201;-;2017
01040300;0801020202;-;2017
01040300;0801020203;-;2017
01040300;0501020301;2034;2017
01040300;0501020302;4722;2017
01040300;0801030101;1267,4036;2017
01040300;0501030201;1480;2017
01040300;0501030202;4420;2017
01040300;0801040101;18,72442111;2017
01040300;0801040201;0,958047451;2017
01040300;0501040301;-554;2017
01040300;0501040302;-302;2017
01040300;0801040401;1,615635182;2017
01040300;0801040501;40,48750932;2017
01040400;0201010101;3,2;2017
01040400;0801020101;13,557;2017
01040400;0801020201;-;2017
01040400;0801020202;-;2017
01040400;0801020203;-;2017
01040400;0501020301;1045;2017
01040400;0501020302;1994;2017
01040400;0801030101;185,5816;2017
01040400;0501030201;745;2017
01040400;0501030202;1450;2017
01040400;0801040101;35,87591777;2017
01040400;0801040201;0,909718199;2017
01040400;0501040301;-300;2017
01040400;0501040302;-544;2017
01040400;0801040401;0,475377216;2017
01040400;0801040501;67,90393521;2017
01040500;0201010101;15;2017
01040500;0801020101;161,906;2017
01040500;0801020201;-;2017
01040500;0801020202;-;2017
01040500;0801020203;-;2017
01040500;0501020301;5033;2017
01040500;0501020302;11428;2017
01040500;0801030101;2857,0671;2017
01040500;0501030201;5900;2017
01040500;0501030202;11375;2017
01040500;0801040101;14,39795141;2017
01040500;0801040201;1,183961308;2017
01040500;0501040301;867;2017
01040500;0501040302;-53;2017
01040500;0801040401;6,679545102;2017
01040500;0801040501;347,2309418;2017
01040600;0201010101;10,19;2017
01040600;0801020101;127,379;2017
01040600;0801020201;-;2017
01040600;0801020202;-;2017
01040600;0801020203;-;2017
01040600;0501020301;3927;2017
01040600;0501020302;7945;2017
01040600;0801030101;2067,4774;2017
01040600;0501030201;3830;2017
01040600;0501030202;8550;2017
01040600;0801040101;16,2996979;2017
01040600;0801040201;0,968471408;2017
01040600;0501040301;-97;2017
01040600;0501040302;605;2017
01040600;0801040401;1,803465478;2017
01040600;0801040501;208,2446765;2017
01040700;0201010101;15,24;2017
01040700;0801020101;106,154;2017
01040700;0801020201;-;2017
01040700;0801020202;-;2017
01040700;0801020203;-;2017
01040700;0501020301;2978;2017
01040700;0501020302;6843;2017
01040700;0801030101;2044,1269;2017
01040700;0501030201;2055;2017
01040700;0501030202;6960;2017
01040700;0801040101;18,02798548;2017
01040700;0801040201;1,048246324;2017
01040700;0501040301;-923;2017
01040700;0501040302;117;2017
01040700;0801040401;0,952979492;2017
01040700;0801040501;86,03217813;2017
01040800;0201010101;15,06;2017
01040800;0801020101;80,794;2017
01040800;0801020201;-;2017
01040800;0801020202;-;2017
01040800;0801020203;-;2017
01040800;0501020301;3989;2017
01040800;0501020302;8973;2017
01040800;0801030101;1472,5677;2017
01040800;0501030201;3295;2017
01040800;0501030202;7400;2017
01040800;0801040101;15,35402807;2017
01040800;0801040201;0,979126432;2017
01040800;0501040301;-694;2017
01040800;0501040302;-1573;2017
01040800;0801040401;1,216195427;2017
01040800;0801040501;66,6970148;2017
01040900;0201010101;27,57;2017
01040900;0801020101;37,972;2017
01040900;0801020201;-;2017
01040900;0801020202;-;2017
01040900;0801020203;-;2017
01040900;0501020301;1504;2017
01040900;0501020302;2873;2017
01040900;0801030101;578,1857;2017
01040900;0501030201;1300;2017
01040900;0501030202;2600;2017
01040900;0801040101;18,37405158;2017
01040900;0801040201;0,776886481;2017
01040900;0501040301;-204;2017
01040900;0501040302;-273;2017
01040900;0801040401;3,033406211;2017
01040900;0801040501;135,6241506;2017
01041000;0201010101;4,45;2017
01041000;0801020101;97,428;2017
01041000;0801020201;-;2017
01041000;0801020202;-;2017
01041000;0801020203;-;2017
01041000;0501020301;3065;2017
01041000;0501020302;5636;2017
01041000;0801030101;1692,2598;2017
01041000;0501030201;2460;2017
01041000;0501030202;6700;2017
01041000;0801040101;16,1;2017
01041000;0801040201;1,09;2017
01041000;0501040301;-605;2017
01041000;0501040302;1064;2017
01041000;0801040401;2,47;2017
01041000;0801040501;79,44;2017
01041100;0201010101;3,6;2017
01041100;0801020101;106,931;2017
01041100;0801020201;-;2017
01041100;0801020202;-;2017
01041100;0801020203;-;2017
01041100;0501020301;4532;2017
01041100;0501020302;8920;2017
01041100;0801030101;1682,0932;2017
01041100;0501030201;2995;2017
01041100;0501030202;7810;2017
01041100;0801040101;17,59662971;2017
01041100;0801040201;1,143918607;2017
01041100;0501040301;-1537;2017
01041100;0501040302;-1110;2017
01041100;0801040401;1,136384388;2017
01041100;0801040501;40,92915518;2017
01041200;0201010101;9,73;2017
01041200;0801020101;140,714;2017
01041200;0801020201;-;2017
01041200;0801020202;-;2017
01041200;0801020203;-;2017
01041200;0501020301;3533;2017
01041200;0501020302;9997;2017
01041200;0801030101;2278,4548;2017
01041200;0501030201;2912;2017
01041200;0501030202;11215;2017
01041200;0801040101;13,6995497;2017
01041200;0801040201;1,062525194;2017
01041200;0501040301;-621;2017
01041200;0501040302;1218;2017
01041200;0801040401;1,105597523;2017
01041200;0801040501;67,86243129;2017
01041300;0201010101;5,61;2017
01041300;0801020101;88,627;2017
01041300;0801020201;-;2017
01041300;0801020202;-;2017
01041300;0801020203;-;2017
01041300;0501020301;1938;2017
01041300;0501020302;5617;2017
01041300;0801030101;1502,4494;2017
01041300;0501030201;1580;2017
01041300;0501030202;5750;2017
01041300;0801040101;14,63206172;2017
01041300;0801040201;1,162111437;2017
01041300;0501040301;-358;2017
01041300;0501040302;133;2017
01041300;0801040401;2,883773508;2017
01041300;0801040501;39,41770109;2017
01041400;0201010101;4,2;2017
01041400;0801020101;87,247;2017
01041400;0801020201;-;2017
01041400;0801020202;-;2017
01041400;0801020203;-;2017
01041400;0501020301;3215;2017
01041400;0501020302;8130;2017
01041400;0801030101;1640,1078;2017
01041400;0501030201;3190;2017
01041400;0501030202;7910;2017
01041400;0801040101;17,96831804;2017
01041400;0801040201;1,039034098;2017
01041400;0501040301;-25;2017
01041400;0501040302;-220;2017
01041400;0801040401;8,007585534;2017
01041400;0801040501;328,7848473;2017
01041500;0201010101;7,84;2017
01041500;0801020101;89,972;2017
01041500;0801020201;-;2017
01041500;0801020202;-;2017
01041500;0801020203;-;2017
01041500;0501020301;2423;2017
01041500;0501020302;5839;2017
01041500;0801030101;1602,1932;2017
01041500;0501030201;1620;2017
01041500;0501030202;5310;2017
01041500;0801040101;17,86842808;2017
01041500;0801040201;0,928905086;2017
01041500;0501040301;-803;2017
01041500;0501040302;-529;2017
01041500;0801040401;6,053525077;2017
01041500;0801040501;251,8440208;2017
01041600;0201010101;10,28;2017
01041600;0801020101;60,834;2017
01041600;0801020201;-;2017
01041600;0801020202;-;2017
01041600;0801020203;-;2017
01041600;0501020301;1708;2017
01041600;0501020302;5338;2017
01041600;0801030101;1166,9628;2017
01041600;0501030201;1180;2017
01041600;0501030202;6715;2017
01041600;0801040101;14,28244419;2017
01041600;0801040201;1,195581693;2017
01041600;0501040301;-528;2017
01041600;0501040302;1377;2017
01041600;0801040401;1,441981157;2017
01041600;0801040501;26,95749761;2017
01050000;0201010101;117,56;2017
01050000;0801020101;1385,385;2017
01050000;0801020201;-;2017
01050000;0801020202;-;2017
01050000;0801020203;-;2017
01050000;0501020301;45062;2017
01050000;0501020302;97689;2017
01050000;0801030101;24158,6148;2017
01050000;0501030201;41015;2017
01050000;0501030202;116840;2017
01050000;0801040101;16,62986334;2017
01050000;0801040201;1,029065844;2017
01050000;0501040301;-4047;2017
01050000;0501040302;19151;2017
01050000;0801040401;2,181994125;2017
01050000;0801040501;151,3091479;2017
01050100;0201010101;14,97;2017
01050100;0801020101;224,366;2017
01050100;0801020201;-;2017
01050100;0801020202;-;2017
01050100;0801020203;-;2017
01050100;0501020301;8105;2017
01050100;0501020302;17595;2017
01050100;0801030101;3705,0859;2017
01050100;0501030201;7230;2017
01050100;0501030202;17415;2017
01050100;0801040101;18,34549254;2017
01050100;0801040201;0,979946994;2017
01050100;0501040301;-875;2017
01050100;0501040302;-180;2017
01050100;0801040401;4,651959446;2017
01050100;0801040501;176,4136449;2017
01050200;0201010101;8,06;2017
01050200;0801020101;32,315;2017
01050200;0801020201;-;2017
01050200;0801020202;-;2017
01050200;0801020203;-;2017
01050200;0501020301;1004;2017
01050200;0501020302;2370;2017
01050200;0801030101;383,2132;2017
01050200;0501030201;935;2017
01050200;0501030202;2750;2017
01050200;0801040101;15,72923305;2017
01050200;0801040201;1,030861692;2017
01050200;0501040301;-69;2017
01050200;0501040302;380;2017
01050200;0801040401;0,640389048;2017
01050200;0801040501;23,87097283;2017
01050300;0201010101;8,15;2017
01050300;0801020101;145,227;2017
01050300;0801020201;-;2017
01050300;0801020202;-;2017
01050300;0801020203;-;2017
01050300;0501020301;3109;2017
01050300;0501020302;7302;2017
01050300;0801030101;2333,6799;2017
01050300;0501030201;4155;2017
01050300;0501030202;11320;2017
01050300;0801040101;18,80757091;2017
01050300;0801040201;1,009494679;2017
01050300;0501040301;1046;2017
01050300;0501040302;4018;2017
01050300;0801040401;1,829378496;2017
01050300;0801040501;99,5844596;2017
01050400;0201010101;9,06;2017
01050400;0801020101;93,311;2017
01050400;0801020201;-;2017
01050400;0801020202;-;2017
01050400;0801020203;-;2017
01050400;0501020301;2318;2017
01050400;0501020302;4675;2017
01050400;0801030101;1372,208;2017
01050400;0501030201;2325;2017
01050400;0501030202;6090;2017
01050400;0801040101;14,80567742;2017
01050400;0801040201;1,136494682;2017
01050400;0501040301;7;2017
01050400;0501040302;1415;2017
01050400;0801040401;2,681723544;2017
01050400;0801040501;38,95198148;2017
01050500;0201010101;17,41;2017
01050500;0801020101;171,74;2017
01050500;0801020201;-;2017
01050500;0801020202;-;2017
01050500;0801020203;-;2017
01050500;0501020301;5307;2017
01050500;0501020302;11708;2017
01050500;0801030101;2965,4978;2017
01050500;0501030201;4415;2017
01050500;0501030202;15805;2017
01050500;0801040101;14,54674101;2017
01050500;0801040201;1,019251273;2017
01050500;0501040301;-892;2017
01050500;0501040302;4097;2017
01050500;0801040401;1,067515777;2017
01050500;0801040501;22,33729723;2017
01050600;0201010101;11,98;2017
01050600;0801020101;252,597;2017
01050600;0801020201;-;2017
01050600;0801020202;-;2017
01050600;0801020203;-;2017
01050600;0501020301;10210;2017
01050600;0501020302;21487;2017
01050600;0801030101;4729,7326;2017
01050600;0501030201;9395;2017
01050600;0501030202;26075;2017
01050600;0801040101;14,54674101;2017
01050600;0801040201;1,094198113;2017
01050600;0501040301;-815;2017
01050600;0501040302;4588;2017
01050600;0801040401;0,704907134;2017
01050600;0801040501;60,55675133;2017
01050700;0201010101;11,47;2017
01050700;0801020101;46,989;2017
01050700;0801020201;-;2017
01050700;0801020202;-;2017
01050700;0801020203;-;2017
01050700;0501020301;3402;2017
01050700;0501020302;8870;2017
01050700;0801030101;1685,7735;2017
01050700;0501030201;2000;2017
01050700;0501030202;7125;2017
01050700;0801040101;17,04199217;2017
01050700;0801040201;1,034978685;2017
01050700;0501040301;-1402;2017
01050700;0501040302;-1745;2017
01050700;0801040401;2,944443473;2017
01050700;0801040501;56,76665364;2017
01050800;0201010101;7,53;2017
01050800;0801020101;45,153;2017
01050800;0801020201;-;2017
01050800;0801020202;-;2017
01050800;0801020203;-;2017
01050800;0501020301;971;2017
01050800;0501020302;1975;2017
01050800;0801030101;650,1107;2017
01050800;0501030201;750;2017
01050800;0501030202;2325;2017
01050800;0801040101;16,26954235;2017
01050800;0801040201;1,079327684;2017
01050800;0501040301;-221;2017
01050800;0501040302;350;2017
01050800;0801040401;4,583306026;2017
01050800;0801040501;91,21214789;2017
01050900;0201010101;17,89;2017
01050900;0801020101;86,395;2017
01050900;0801020201;-;2017
01050900;0801020202;-;2017
01050900;0801020203;-;2017
01050900;0501020301;2864;2017
01050900;0501020302;5897;2017
01050900;0801030101;1408,2124;2017
01050900;0501030201;2795;2017
01050900;0501030202;7000;2017
01050900;0801040101;17,23164362;2017
01050900;0801040201;1,085599141;2017
01050900;0501040301;-69;2017
01050900;0501040302;1103;2017
01050900;0801040401;1,95828556;2017
01050900;0801040501;43,79282777;2017
01051000;0201010101;6,49;2017
01051000;0801020101;108,542;2017
01051000;0801020201;-;2017
01051000;0801020202;-;2017
01051000;0801020203;-;2017
01051000;0501020301;3371;2017
01051000;0501020302;5838;2017
01051000;0801030101;1956,7936;2017
01051000;0501030201;2840;2017
01051000;0501030202;7430;2017
01051000;0801040101;19,8;2017
01051000;0801040201;1,14;2017
01051000;0501040301;-531;2017
01051000;0501040302;1592;2017
01051000;0801040401;1,83;2017
01051000;0801040501;57,49;2017
01051100;0201010101;5,91;2017
01051100;0801020101;104,653;2017
01051100;0801020201;-;2017
01051100;0801020202;-;2017
01051100;0801020203;-;2017
01051100;0501020301;2892;2017
01051100;0501020302;7354;2017
01051100;0801030101;1606,8451;2017
01051100;0501030201;2605;2017
01051100;0501030202;7280;2017
01051100;0801040101;20,1;2017
01051100;0801040201;0,949673091;2017
01051100;0501040301;-287;2017
01051100;0501040302;-74;2017
01051100;0801040401;1,084763624;2017
01051100;0801040501;80,62;2017
01051200;0201010101;4,53;2017
01051200;0801020101;74,097;2017
01051200;0801020201;-;2017
01051200;0801020202;-;2017
01051200;0801020203;-;2017
01051200;0501020301;1509;2017
01051200;0501020302;2618;2017
01051200;0801030101;1361,4621;2017
01051200;0501030201;1570;2017
01051200;0501030202;6225;2017
01051200;0801040101;22,4;2017
01051200;0801040201;0,877217644;2017
01051200;0501040301;61;2017
01051200;0501040302;3607;2017
01051200;0801040401;2,94;2017
01051200;0801040501;91,19050798;2017
01060000;0201010101;131,77;2017
01060000;0801020101;1776,789;2017
01060000;0801020201;-;2017
01060000;0801020202;-;2017
01060000;0801020203;-;2017
01060000;0501020301;55483;2017
01060000;0501020302;115170;2017
01060000;0801030101;28578,4796;2017
01060000;0501030201;61729;2017
01060000;0501030202;121229;2017
01060000;0801040101;17,7;2017
01060000;0801040201;1,100476944;2017
01060000;0501040301;6246;2017
01060000;0501040302;6059;2017
01060000;0801040401;2,691939224;2017
01060000;0801040501;40,43416882;2017
01060100;0201010101;14,77;2017
01060100;0801020101;152,45;2017
01060100;0801020201;-;2017
01060100;0801020202;-;2017
01060100;0801020203;-;2017
01060100;0501020301;5624;2017
01060100;0501020302;10581;2017
01060100;0801030101;2682,6062;2017
01060100;0501030201;6235;2017
01060100;0501030202;11030;2017
01060100;0801040101;19,4;2017
01060100;0801040201;1,243622921;2017
01060100;0501040301;611;2017
01060100;0501040302;449;2017
01060100;0801040401;1,706905351;2017
01060100;0801040501;68,83143222;2017
01060200;0201010101;8,51;2017
01060200;0801020101;88,164;2017
01060200;0801020201;-;2017
01060200;0801020202;-;2017
01060200;0801020203;-;2017
01060200;0501020301;2738;2017
01060200;0501020302;5373;2017
01060200;0801030101;1207,8071;2017
01060200;0501030201;3000;2017
01060200;0501030202;5375;2017
01060200;0801040101;15,9;2017
01060200;0801040201;1,065389902;2017
01060200;0501040301;262;2017
01060200;0501040302;2;2017
01060200;0801040401;2,271358655;2017
01060200;0801040501;61,65791291;2017
01060300;0201010101;7,63;2017
01060300;0801020101;108,366;2017
01060300;0801020201;-;2017
01060300;0801020202;-;2017
01060300;0801020203;-;2017
01060300;0501020301;3927;2017
01060300;0501020302;7419;2017
01060300;0801030101;1585,618;2017
01060300;0501030201;3880;2017
01060300;0501030202;9175;2017
01060300;0801040101;23,5;2017
01060300;0801040201;1,074140794;2017
01060300;0501040301;-47;2017
01060300;0501040302;1756;2017
01060300;0801040401;1,077937937;2017
01060300;0801040501;27,91055657;2017
01060400;0201010101;12,6;2017
01060400;0801020101;93,296;2017
01060400;0801020201;-;2017
01060400;0801020202;-;2017
01060400;0801020203;-;2017
01060400;0501020301;3111;2017
01060400;0501020302;8093;2017
01060400;0801030101;1676,3722;2017
01060400;0501030201;3360;2017
01060400;0501030202;8050;2017
01060400;0801040101;23,6;2017
01060400;0801040201;1,088961447;2017
01060400;0501040301;249;2017
01060400;0501040302;-43;2017
01060400;0801040401;3,651986185;2017
01060400;0801040501;119,9289115;2017
01060500;0201010101;5,73;2017
01060500;0801020101;51,701;2017
01060500;0801020201;-;2017
01060500;0801020202;-;2017
01060500;0801020203;-;2017
01060500;0501020301;0;2017
01060500;0501020302;581;2017
01060500;0801030101;923,8156;2017
01060500;0501030201;0;2017
01060500;0501030202;640;2017
01060500;0801040101;18;2017
01060500;0801040201;1,156490646;2017
01060500;0501040301;0;2017
01060500;0501040302;59;2017
01060500;0801040401;1,11;2017
01060500;0801040501;42,31;2017
01060600;0201010101;4,38;2017
01060600;0801020101;132,993;2017
01060600;0801020201;-;2017
01060600;0801020202;-;2017
01060600;0801020203;-;2017
01060600;0501020301;4547;2017
01060600;0501020302;8984;2017
01060600;0801030101;1899,4651;2017
01060600;0501030201;4874;2017
01060600;0501030202;9616;2017
01060600;0801040101;18,4;2017
01060600;0801040201;1,176152841;2017
01060600;0501040301;327;2017
01060600;0501040302;632;2017
01060600;0801040401;1,3;2017
01060600;0801040501;24,52;2017
01060700;0201010101;9,3;2017
01060700;0801020101;80,346;2017
01060700;0801020201;-;2017
01060700;0801020202;-;2017
01060700;0801020203;-;2017
01060700;0501020301;2665;2017
01060700;0501020302;5015;2017
01060700;0801030101;1336,143;2017
01060700;0501030201;2760;2017
01060700;0501030202;5775;2017
01060700;0801040101;21,8;2017
01060700;0801040201;1,128307782;2017
01060700;0501040301;95;2017
01060700;0501040302;760;2017
01060700;0801040401;2,44;2017
01060700;0801040501;92,19;2017
01060800;0201010101;8,17;2017
01060800;0801020101;82,064;2017
01060800;0801020201;-;2017
01060800;0801020202;-;2017
01060800;0801020203;-;2017
01060800;0501020301;2653;2017
01060800;0501020302;5325;2017
01060800;0801030101;1505,5045;2017
01060800;0501030201;2485;2017
01060800;0501030202;5905;2017
01060800;0801040101;22,3;2017
01060800;0801040201;1,06079018;2017
01060800;0501040301;-168;2017
01060800;0501040302;580;2017
01060800;0801040401;0,54;2017
01060800;0801040501;42,48;2017
01060900;0201010101;9,8;2017
01060900;0801020101;119,317;2017
01060900;0801020201;-;2017
01060900;0801020202;-;2017
01060900;0801020203;-;2017
01060900;0501020301;3341;2017
01060900;0501020302;6487;2017
01060900;0801030101;1876,7649;2017
01060900;0501030201;3615;2017
01060900;0501030202;7032;2017
01060900;0801040101;15,9;2017
01060900;0801040201;1,346551832;2017
01060900;0501040301;274;2017
01060900;0501040302;545;2017
01060900;0801040401;2,52;2017
01060900;0801040501;43,19;2017
01061000;0201010101;5,42;2017
01061000;0801020101;80,981;2017
01061000;0801020201;-;2017
01061000;0801020202;-;2017
01061000;0801020203;-;2017
01061000;0501020301;2370;2017
01061000;0501020302;7598;2017
01061000;0801030101;1523,0559;2017
01061000;0501030201;2265;2017
01061000;0501030202;7685;2017
01061000;0801040101;20,5;2017
01061000;0801040201;1,04;2017
01061000;0501040301;-105;2017
01061000;0501040302;87;2017
01061000;0801040401;2,89;2017
01061000;0801040501;89,79;2017
01061100;0201010101;7,67;2017
01061100;0801020101;131,891;2017
01061100;0801020201;-;2017
01061100;0801020202;-;2017
01061100;0801020203;-;2017
01061100;0501020301;3867;2017
01061100;0501020302;6705;2017
01061100;0801030101;1952,7356;2017
01061100;0501030201;5135;2017
01061100;0501030202;7690;2017
01061100;0801040101;18,31070082;2017
01061100;0801040201;1,103447824;2017
01061100;0501040301;1268;2017
01061100;0501040302;985;2017
01061100;0801040401;3,233837299;2017
01061100;0801040501;190,8426234;2017
01061200;0201010101;6,94;2017
01061200;0801020101;147,684;2017
01061200;0801020201;-;2017
01061200;0801020202;-;2017
01061200;0801020203;-;2017
01061200;0501020301;4788;2017
01061200;0501020302;11865;2017
01061200;0801030101;2148,3209;2017
01061200;0501030201;5800;2017
01061200;0501030202;11415;2017
01061200;0801040101;20,39941679;2017
01061200;0801040201;1,097662027;2017
01061200;0501040301;1012;2017
01061200;0501040302;-450;2017
01061200;0801040401;10,36800461;2017
01061200;0801040501;207,8070372;2017
01061300;0201010101;8,43;2017
01061300;0801020101;128,303;2017
01061300;0801020201;-;2017
01061300;0801020202;-;2017
01061300;0801020203;-;2017
01061300;0501020301;3722;2017
01061300;0501020302;7074;2017
01061300;0801030101;1859,3135;2017
01061300;0501030201;4460;2017
01061300;0501030202;5975;2017
01061300;0801040101;22,33937079;2017
01061300;0801040201;1,131490476;2017
01061300;0501040301;738;2017
01061300;0501040302;-1099;2017
01061300;0801040401;4,726633251;2017
01061300;0801040501;80,0012493;2017
01061400;0201010101;5,4;2017
01061400;0801020101;114,388;2017
01061400;0801020201;-;2017
01061400;0801020202;-;2017
01061400;0801020203;-;2017
01061400;0501020301;3686;2017
01061400;0501020302;7093;2017
01061400;0801030101;1949,3994;2017
01061400;0501030201;4145;2017
01061400;0501030202;6520;2017
01061400;0801040101;20,67704517;2017
01061400;0801040201;1,056855782;2017
01061400;0501040301;459;2017
01061400;0501040302;-573;2017
01061400;0801040401;2,360028037;2017
01061400;0801040501;77,88112802;2017
01061500;0201010101;6,52;2017
01061500;0801020101;116,575;2017
01061500;0801020201;-;2017
01061500;0801020202;-;2017
01061500;0801020203;-;2017
01061500;0501020301;3133;2017
01061500;0501020302;6261;2017
01061500;0801030101;1896,6219;2017
01061500;0501030201;3605;2017
01061500;0501030202;6630;2017
01061500;0801040101;19,3374658;2017
01061500;0801040201;1,040626358;2017
01061500;0501040301;472;2017
01061500;0501040302;369;2017
01061500;0801040401;1,450232351;2017
01061500;0801040501;80,50446057;2017
01061600;0201010101;9,38;2017
01061600;0801020101;148,27;2017
01061600;0801020201;-;2017
01061600;0801020202;-;2017
01061600;0801020203;-;2017
01061600;0501020301;5311;2017
01061600;0501020302;10716;2017
01061600;0801030101;2554,9358;2017
01061600;0501030201;6110;2017
01061600;0501030202;12716;2017
01061600;0801040101;16,37029267;2017
01061600;0801040201;0,925481286;2017
01061600;0501040301;799;2017
01061600;0501040302;2000;2017
01061600;0801040401;0,859765005;2017
01061600;0801040501;35,82780739;2017
01070000;0201010101;111,36;2017
01070000;0801020101;1427,284;2017
01070000;0801020201;-;2017
01070000;0801020202;-;2017
01070000;0801020203;-;2017
01070000;0501020301;51658;2017
01070000;0501020302;114032;2017
01070000;0801030101;28227,1575;2017
01070000;0501030201;48211;2017
01070000;0501030202;122795;2017
01070000;0801040101;18,34016664;2017
01070000;0801040201;1,014957406;2017
01070000;0501040301;-3447;2017
01070000;0501040302;8763;2017
01070000;0801040401;1,137114474;2017
01070000;0801040501;134,3407205;2017
01070100;0201010101;5,8;2017
01070100;0801020101;109,127;2017
01070100;0801020201;-;2017
01070100;0801020202;-;2017
01070100;0801020203;-;2017
01070100;0501020301;3583;2017
01070100;0501020302;9297;2017
01070100;0801030101;2190,1096;2017
01070100;0501030201;2380;2017
01070100;0501030202;9970;2017
01070100;0801040101;26,47122601;2017
01070100;0801040201;1,076358956;2017
01070100;0501040301;-1203;2017
01070100;0501040302;673;2017
01070100;0801040401;1,979999685;2017
01070100;0801040501;56,05366437;2017
01070200;0201010101;5,5;2017
01070200;0801020101;78,84;2017
01070200;0801020201;-;2017
01070200;0801020202;-;2017
01070200;0801020203;-;2017
01070200;0501020301;1527;2017
01070200;0501020302;8207;2017
01070200;0801030101;1765,0355;2017
01070200;0501030201;945;2017
01070200;0501030202;7085;2017
01070200;0801040101;28,11314728;2017
01070200;0801040201;1,071305635;2017
01070200;0501040301;-582;2017
01070200;0501040302;-1122;2017
01070200;0801040401;2,944706148;2017
01070200;0801040501;130,0737712;2017
01070300;0201010101;5,45;2017
01070300;0801020101;126,365;2017
01070300;0801020201;-;2017
01070300;0801020202;-;2017
01070300;0801020203;-;2017
01070300;0501020301;4068;2017
01070300;0501020302;6727;2017
01070300;0801030101;2236,9569;2017
01070300;0501030201;3472;2017
01070300;0501030202;8525;2017
01070300;0801040101;17,56954714;2017
01070300;0801040201;0,934528698;2017
01070300;0501040301;-596;2017
01070300;0501040302;1798;2017
01070300;0801040401;0,794643798;2017
01070300;0801040501;60,08869458;2017
01070400;0201010101;7,18;2017
01070400;0801020101;155,966;2017
01070400;0801020201;-;2017
01070400;0801020202;-;2017
01070400;0801020203;-;2017
01070400;0501020301;4248;2017
01070400;0501020302;9833;2017
01070400;0801030101;3025,6589;2017
01070400;0501030201;4280;2017
01070400;0501030202;10035;2017
01070400;0801040101;23,25162212;2017
01070400;0801040201;0,947988703;2017
01070400;0501040301;32;2017
01070400;0501040302;202;2017
01070400;0801040401;4,574914171;2017
01070400;0801040501;92,63856936;2017
01070500;0201010101;3,9;2017
01070500;0801020101;65,793;2017
01070500;0801020201;-;2017
01070500;0801020202;-;2017
01070500;0801020203;-;2017
01070500;0501020301;1184;2017
01070500;0501020302;2164;2017
01070500;0801030101;1048,3634;2017
01070500;0501030201;1045;2017
01070500;0501030202;2450;2017
01070500;0801040101;17,02367091;2017
01070500;0801040201;1,167315794;2017
01070500;0501040301;-139;2017
01070500;0501040302;286;2017
01070500;0801040401;5,104805355;2017
01070500;0801040501;85,59065926;2017
01070600;0201010101;3,34;2017
01070600;0801020101;87,621;2017
01070600;0801020201;-;2017
01070600;0801020202;-;2017
01070600;0801020203;-;2017
01070600;0501020301;3617;2017
01070600;0501020302;8125;2017
01070600;0801030101;2061,7927;2017
01070600;0501030201;2925;2017
01070600;0501030202;10895;2017
01070600;0801040101;18,68014541;2017
01070600;0801040201;1,04475301;2017
01070600;0501040301;-692;2017
01070600;0501040302;2770;2017
01070600;0801040401;2,41571749;2017
01070600;0801040501;36,8149513;2017
01070700;0201010101;6,11;2017
01070700;0801020101;84,257;2017
01070700;0801020201;-;2017
01070700;0801020202;-;2017
01070700;0801020203;-;2017
01070700;0501020301;3106;2017
01070700;0501020302;7269;2017
01070700;0801030101;1992,0474;2017
01070700;0501030201;3134;2017
01070700;0501030202;7445;2017
01070700;0801040101;18,5;2017
01070700;0801040201;1,04;2017
01070700;0501040301;28;2017
01070700;0501040302;176;2017
01070700;0801040401;1,55;2017
01070700;0801040501;62,88;2017
01070800;0201010101;9,13;2017
01070800;0801020101;95,065;2017
01070800;0801020201;-;2017
01070800;0801020202;-;2017
01070800;0801020203;-;2017
01070800;0501020301;4503;2017
01070800;0501020302;8078;2017
01070800;0801030101;1714,5775;2017
01070800;0501030201;3950;2017
01070800;0501030202;8570;2017
01070800;0801040101;33,16504563;2017
01070800;0801040201;0,627471161;2017
01070800;0501040301;-553;2017
01070800;0501040302;492;2017
01070800;0801040401;2,687928848;2017
01070800;0801040501;91,04911286;2017
01070900;0201010101;7,5;2017
01070900;0801020101;133,905;2017
01070900;0801020201;-;2017
01070900;0801020202;-;2017
01070900;0801020203;-;2017
01070900;0501020301;4570;2017
01070900;0501020302;9260;2017
01070900;0801030101;2458,7825;2017
01070900;0501030201;4780;2017
01070900;0501030202;11500;2017
01070900;0801040101;19,55050273;2017
01070900;0801040201;0,988842456;2017
01070900;0501040301;210;2017
01070900;0501040302;2240;2017
01070900;0801040401;1,045365212;2017
01070900;0801040501;41,14633038;2017
01071000;0201010101;5,52;2017
01071000;0801020101;107,685;2017
01071000;0801020201;-;2017
01071000;0801020202;-;2017
01071000;0801020203;-;2017
01071000;0501020301;2927;2017
01071000;0501020302;7541;2017
01071000;0801030101;2349,7962;2017
01071000;0501030201;2870;2017
01071000;0501030202;7860;2017
01071000;0801040101;19,60482557;2017
01071000;0801040201;1,014167301;2017
01071000;0501040301;-57;2017
01071000;0501040302;319;2017
01071000;0801040401;4,464751119;2017
01071000;0801040501;157,8006847;2017
01071100;0201010101;25,54;2017
01071100;0801020101;205,064;2017
01071100;0801020201;-;2017
01071100;0801020202;-;2017
01071100;0801020203;-;2017
01071100;0501020301;12798;2017
01071100;0501020302;25948;2017
01071100;0801030101;4566,8427;2017
01071100;0501030201;10735;2017
01071100;0501030202;22165;2017
01071100;0801040101;15,71087759;2017
01071100;0801040201;1,13852153;2017
01071100;0501040301;-2063;2017
01071100;0501040302;-3783;2017
01071100;0801040401;0,441170723;2017
01071100;0801040501;27,90798941;2017
01071200;0201010101;25,37;2017
01071200;0801020101;177,596;2017
01071200;0801020201;-;2017
01071200;0801020202;-;2017
01071200;0801020203;-;2017
01071200;0501020301;5527;2017
01071200;0501020302;11583;2017
01071200;0801030101;2817,1942;2017
01071200;0501030201;7695;2017
01071200;0501030202;16295;2017
01071200;0801040101;16,24394602;2017
01071200;0801040201;1,110836569;2017
01071200;0501040301;2168;2017
01071200;0501040302;4712;2017
01071200;0801040401;1,778066571;2017
01071200;0801040501;47,91488107;2017
01080000;0201010101;153,03;2017
01080000;0801020101;1368,731;2017
01080000;0801020201;-;2017
01080000;0801020202;-;2017
01080000;0801020203;-;2017
01080000;0501020301;42246;2017
01080000;0501020302;96885;2017
01080000;0801030101;28107,3023;2017
01080000;0501030201;43474;2017
01080000;0501030202;99090;2017
01080000;0801040101;19,10747105;2017
01080000;0801040201;1,08843595;2017
01080000;0501040301;1228;2017
01080000;0501040302;2205;2017
01080000;0801040401;1,173378854;2017
01080000;0801040501;63,18570205;2017
01080100;0201010101;16,91;2017
01080100;0801020101;24,671;2017
01080100;0801020201;-;2017
01080100;0801020202;-;2017
01080100;0801020203;-;2017
01080100;0501020301;1395;2017
01080100;0501020302;2374;2017
01080100;0801030101;451,7433;2017
01080100;0501030201;1155;2017
01080100;0501030202;1650;2017
01080100;0801040101;19,98785412;2017
01080100;0801040201;0,898045193;2017
01080100;0501040301;-240;2017
01080100;0501040302;-724;2017
01080100;0801040401;2,120663002;2017
01080100;0801040501;107,0287882;2017
01080200;0201010101;7,93;2017
01080200;0801020101;72,873;2017
01080200;0801020201;-;2017
01080200;0801020202;-;2017
01080200;0801020203;-;2017
01080200;0501020301;1337;2017
01080200;0501020302;5100;2017
01080200;0801030101;1486,5667;2017
01080200;0501030201;1330;2017
01080200;0501030202;6890;2017
01080200;0801040101;16,55971361;2017
01080200;0801040201;0,826638596;2017
01080200;0501040301;-7;2017
01080200;0501040302;1790;2017
01080200;0801040401;1,913514661;2017
01080200;0801040501;72,43332452;2017
01080300;0201010101;12,04;2017
01080300;0801020101;82,198;2017
01080300;0801020201;-;2017
01080300;0801020202;-;2017
01080300;0801020203;-;2017
01080300;0501020301;2762;2017
01080300;0501020302;6378;2017
01080300;0801030101;1836,2516;2017
01080300;0501030201;3364;2017
01080300;0501030202;6775;2017
01080300;0801040101;19,9;2017
01080300;0801040201;1,05;2017
01080300;0501040301;602;2017
01080300;0501040302;397;2017
01080300;0801040401;1,71;2017
01080300;0801040501;87,7;2017
01080400;0201010101;16,56;2017
01080400;0801020101;150,513;2017
01080400;0801020201;-;2017
01080400;0801020202;-;2017
01080400;0801020203;-;2017
01080400;0501020301;5215;2017
01080400;0501020302;11305;2017
01080400;0801030101;3112,1641;2017
01080400;0501030201;5495;2017
01080400;0501030202;10440;2017
01080400;0801040101;19,89292802;2017
01080400;0801040201;0,74410667;2017
01080400;0501040301;280;2017
01080400;0501040302;-865;2017
01080400;0801040401;1,005091746;2017
01080400;0801040501;50,98728577;2017
01080500;0201010101;10,73;2017
01080500;0801020101;137,077;2017
01080500;0801020201;-;2017
01080500;0801020202;-;2017
01080500;0801020203;-;2017
01080500;0501020301;3885;2017
01080500;0501020302;7914;2017
01080500;0801030101;2650,7218;2017
01080500;0501030201;5525;2017
01080500;0501030202;11130;2017
01080500;0801040101;20,13398407;2017
01080500;0801040201;1,074649466;2017
01080500;0501040301;1640;2017
01080500;0501040302;3216;2017
01080500;0801040401;1,968986694;2017
01080500;0801040501;148,2142187;2017
01080600;0201010101;8,48;2017
01080600;0801020101;121,024;2017
01080600;0801020201;-;2017
01080600;0801020202;-;2017
01080600;0801020203;-;2017
01080600;0501020301;5039;2017
01080600;0501020302;11007;2017
01080600;0801030101;1981,1983;2017
01080600;0501030201;5010;2017
01080600;0501030202;10150;2017
01080600;0801040101;20,76643326;2017
01080600;0801040201;1,027784148;2017
01080600;0501040301;-29;2017
01080600;0501040302;-857;2017
01080600;0801040401;4,08911836;2017
01080600;0801040501;109,0467902;2017
01080700;0201010101;17,54;2017
01080700;0801020101;127,942;2017
01080700;0801020201;-;2017
01080700;0801020202;-;2017
01080700;0801020203;-;2017
01080700;0501020301;3480;2017
01080700;0501020302;6811;2017
01080700;0801030101;2346,4776;2017
01080700;0501030201;2935;2017
01080700;0501030202;6200;2017
01080700;0801040101;19,10916071;2017
01080700;0801040201;1,130725808;2017
01080700;0501040301;-545;2017
01080700;0501040302;-611;2017
01080700;0801040401;1,156426845;2017
01080700;0801040501;61,12121003;2017
01080800;0201010101;4,65;2017
01080800;0801020101;63,474;2017
01080800;0801020201;-;2017
01080800;0801020202;-;2017
01080800;0801020203;-;2017
01080800;0501020301;2109;2017
01080800;0501020302;4594;2017
01080800;0801030101;1680,2346;2017
01080800;0501030201;1990;2017
01080800;0501030202;4925;2017
01080800;0801040101;19,73253392;2017
01080800;0801040201;1,191338443;2017
01080800;0501040301;-119;2017
01080800;0501040302;331;2017
01080800;0801040401;1,688688744;2017
01080800;0801040501;133,8414853;2017
01080900;0201010101;18,54;2017
01080900;0801020101;137,093;2017
01080900;0801020201;-;2017
01080900;0801020202;-;2017
01080900;0801020203;-;2017
01080900;0501020301;3250;2017
01080900;0501020302;7063;2017
01080900;0801030101;3854,1157;2017
01080900;0501030201;3575;2017
01080900;0501030202;7135;2017
01080900;0801040101;69,2;2017
01080900;0801040201;0,96;2017
01080900;0501040301;325;2017
01080900;0501040302;72;2017
01080900;0801040401;6,156564627;2017
01080900;0801040501;127,9285427;2017
01081000;0201010101;11,29;2017
01081000;0801020101;123,371;2017
01081000;0801020201;-;2017
01081000;0801020202;-;2017
01081000;0801020203;-;2017
01081000;0501020301;4552;2017
01081000;0501020302;10245;2017
01081000;0801030101;2167,5726;2017
01081000;0501030201;4130;2017
01081000;0501030202;8125;2017
01081000;0801040101;65,2;2017
01081000;0801040201;0,92;2017
01081000;0501040301;-422;2017
01081000;0501040302;-2120;2017
01081000;0801040401;8,1867303;2017
01081000;0801040501;161,3383285;2017
01081100;0201010101;11,27;2017
01081100;0801020101;121,754;2017
01081100;0801020201;-;2017
01081100;0801020202;-;2017
01081100;0801020203;-;2017
01081100;0501020301;4182;2017
01081100;0501020302;11937;2017
01081100;0801030101;2830,978;2017
01081100;0501030201;3755;2017
01081100;0501030202;10520;2017
01081100;0801040101;217,3;2017
01081100;0801040201;0,852646648;2017
01081100;0501040301;-427;2017
01081100;0501040302;-1417;2017
01081100;0801040401;16,01844618;2017
01081100;0801040501;181,7948865;2017
01081200;0201010101;9,62;2017
01081200;0801020101;92,168;2017
01081200;0801020201;-;2017
01081200;0801020202;-;2017
01081200;0801020203;-;2017
01081200;0501020301;1988;2017
01081200;0501020302;5111;2017
01081200;0801030101;1569,0377;2017
01081200;0501030201;1865;2017
01081200;0501030202;5535;2017
01081200;0801040101;166,1;2017
01081200;0801040201;0,94655814;2017
01081200;0501040301;-123;2017
01081200;0501040302;424;2017
01081200;0801040401;17,64430407;2017
01081200;0801040501;173,0113062;2017
01081300;0201010101;6,96;2017
01081300;0801020101;114,573;2017
01081300;0801020201;-;2017
01081300;0801020202;-;2017
01081300;0801020203;-;2017
01081300;0501020301;3052;2017
01081300;0501020302;7046;2017
01081300;0801030101;2140,2403;2017
01081300;0501030201;3345;2017
01081300;0501030202;9615;2017
01081300;0801040101;95,5;2017
01081300;0801040201;1,078808079;2017
01081300;0501040301;293;2017
01081300;0501040302;2569;2017
01081300;0801040401;0,22845441;2017
01081300;0801040501;45,53108934;2017
01090000;0201010101;93,28;2017
01090000;0801020101;990,696;2017
01090000;0801020201;-;2017
01090000;0801020202;-;2017
01090000;0801020203;-;2017
01090000;0501020301;34095;2017
01090000;0501020302;74762;2017
01090000;0801030101;18301,0035;2017
01090000;0501030201;31142;2017
01090000;0501030202;73373;2017
01090000;0801040101;29,6;2017
01090000;0801040201;1,106464646;2017
01090000;0501040301;-2953;2017
01090000;0501040302;-1389;2017
01090000;0801040401;0,141298114;2017
01090000;0801040501;8,570886636;2017
01090100;0201010101;8,04;2017
01090100;0801020101;32,325;2017
01090100;0801020201;-;2017
01090100;0801020202;-;2017
01090100;0801020203;-;2017
01090100;0501020301;2860;2017
01090100;0501020302;7216;2017
01090100;0801030101;1072,0601;2017
01090100;0501030201;2130;2017
01090100;0501030202;4550;2017
01090100;0801040101;178,3;2017
01090100;0801040201;1,03873421;2017
01090100;0501040301;-730;2017
01090100;0501040302;-2666;2017
01090100;0801040401;2,579031258;2017
01090100;0801040501;118,9736051;2017
01090200;0201010101;12,66;2017
01090200;0801020101;188,671;2017
01090200;0801020201;-;2017
01090200;0801020202;-;2017
01090200;0801020203;-;2017
01090200;0501020301;9121;2017
01090200;0501020302;18505;2017
01090200;0801030101;3688,6129;2017
01090200;0501030201;8085;2017
01090200;0501030202;16485;2017
01090200;0801040101;40,1;2017
01090200;0801040201;0,839249144;2017
01090200;0501040301;-1036;2017
01090200;0501040302;-2020;2017
01090200;0801040401;11,26219314;2017
01090200;0801040501;154,0605951;2017
01090300;0201010101;12,9;2017
01090300;0801020101;57,216;2017
01090300;0801020201;-;2017
01090300;0801020202;-;2017
01090300;0801020203;-;2017
01090300;0501020301;1488;2017
01090300;0501020302;3263;2017
01090300;0801030101;1121,7097;2017
01090300;0501030201;1105;2017
01090300;0501030202;3430;2017
01090300;0801040101;28,4;2017
01090300;0801040201;1,003355938;2017
01090300;0501040301;-383;2017
01090300;0501040302;167;2017
01090300;0801040401;7,224652044;2017
01090300;0801040501;195,4718179;2017
01090400;0201010101;9,4;2017
01090400;0801020101;164,77;2017
01090400;0801020201;-;2017
01090400;0801020202;-;2017
01090400;0801020203;-;2017
01090400;0501020301;4725;2017
01090400;0501020302;9507;2017
01090400;0801030101;2588,6813;2017
01090400;0501030201;5725;2017
01090400;0501030202;10190;2017
01090400;0801040101;48;2017
01090400;0801040201;0,704279305;2017
01090400;0501040301;1000;2017
01090400;0501040302;683;2017
01090400;0801040401;3,259115941;2017
01090400;0801040501;290,2499343;2017
01090500;0201010101;16,84;2017
01090500;0801020101;159,168;2017
01090500;0801020201;-;2017
01090500;0801020202;-;2017
01090500;0801020203;-;2017
01090500;0501020301;5242;2017
01090500;0501020302;11333;2017
01090500;0801030101;2585,5164;2017
01090500;0501030201;4767;2017
01090500;0501030202;12600;2017
01090500;0801040101;169;2017
01090500;0801040201;0,975424335;2017
01090500;0501040301;-475;2017
01090500;0501040302;1267;2017
01090500;0801040401;37,25201092;2017
01090500;0801040501;610,1552929;2017
01090600;0201010101;17,81;2017
01090600;0801020101;170,913;2017
01090600;0801020201;-;2017
01090600;0801020202;-;2017
01090600;0801020203;-;2017
01090600;0501020301;5046;2017
01090600;0501020302;11985;2017
01090600;0801030101;3265,7152;2017
01090600;0501030201;5105;2017
01090600;0501030202;12673;2017
01090600;0801040101;78,6;2017
01090600;0801040201;0,795706015;2017
01090600;0501040301;59;2017
01090600;0501040302;688;2017
01090600;0801040401;6,645246093;2017
01090600;0801040501;95,55367697;2017
01090700;0201010101;7,69;2017
01090700;0801020101;109,321;2017
01090700;0801020201;-;2017
01090700;0801020202;-;2017
01090700;0801020203;-;2017
01090700;0501020301;2748;2017
01090700;0501020302;6537;2017
01090700;0801030101;2185,0922;2017
01090700;0501030201;1765;2017
01090700;0501030202;6220;2017
01090700;0801040101;24,7;2017
01090700;0801040201;0,123343996;2017
01090700;0501040301;-983;2017
01090700;0501040302;-317;2017
01090700;0801040401;0,864342251;2017
01090700;0801040501;49,56320083;2017
01090800;0201010101;7,94;2017
01090800;0801020101;108,312;2017
01090800;0801020201;-;2017
01090800;0801020202;-;2017
01090800;0801020203;-;2017
01090800;0501020301;2865;2017
01090800;0501020302;6416;2017
01090800;0801030101;1793,6157;2017
01090800;0501030201;2460;2017
01090800;0501030202;7225;2017
01090800;0801040101;76,4;2017
01090800;0801040201;1,01;2017
01090800;0501040301;-405;2017
01090800;0501040302;809;2017
01090800;0801040401;2,565738712;2017
01090800;0801040501;68,83547158;2017
01100000;0201010101;37,2;2017
01100000;0801020101;239,861;2017
01100000;0801020201;-;2017
01100000;0801020202;-;2017
01100000;0801020203;-;2017
01100000;0501020301;13079;2017
01100000;0501020302;30583;2017
01100000;0801030101;4774,71758;2017
01100000;0501030201;12300;2017
01100000;0501030202;28328;2017
01100000;0801040101;118,4;2017
01100000;0801040201;1,139347968;2017
01100000;0501040301;-779;2017
01100000;0501040302;-2255;2017
01100000;0801040401;6,497093355;2017
01100000;0801040501;139,5549743;2017
01100100;0201010101;10,49;2017
01100100;0801020101;95,645;2017
01100100;0801020201;-;2017
01100100;0801020202;-;2017
01100100;0801020203;-;2017
01100100;0501020301;6463;2017
01100100;0501020302;13495;2017
01100100;0801030101;1902,6591;2017
01100100;0501030201;5630;2017
01100100;0501030202;11771;2017
01100100;0801040101;63,6;2017
01100100;0801040201;0,729081604;2017
01100100;0501040301;-833;2017
01100100;0501040302;-1724;2017
01100100;0801040401;0,846553519;2017
01100100;0801040501;15,48471519;2017
01100200;0201010101;5;2017
01100200;0801020101;40,057;2017
01100200;0801020201;-;2017
01100200;0801020202;-;2017
01100200;0801020203;-;2017
01100200;0501020301;1722;2017
01100200;0501020302;4426;2017
01100200;0801030101;806,507;2017
01100200;0501030201;1550;2017
01100200;0501030202;4840;2017
01100200;0801040101;202,8;2017
01100200;0801040201;1,098947546;2017
01100200;0501040301;-172;2017
01100200;0501040302;414;2017
01100200;0801040401;1,483014426;2017
01100200;0801040501;70,46422641;2017
01100300;0201010101;8,12;2017
01100300;0801020101;33,846;2017
01100300;0801020201;-;2017
01100300;0801020202;-;2017
01100300;0801020203;-;2017
01100300;0501020301;1630;2017
01100300;0501020302;4877;2017
01100300;0801030101;702,8607;2017
01100300;0501030201;1485;2017
01100300;0501030202;3970;2017
01100300;0801040101;97,7;2017
01100300;0801040201;0,533344745;2017
01100300;0501040301;-145;2017
01100300;0501040302;-907;2017
01100300;0801040401;2,919734537;2017
01100300;0801040501;118,6539817;2017
01100400;0201010101;10,4;2017
01100400;0801020101;39,724;2017
01100400;0801020201;-;2017
01100400;0801020202;-;2017
01100400;0801020203;-;2017
01100400;0501020301;1384;2017
01100400;0501020302;2575;2017
01100400;0801030101;759,0923;2017
01100400;0501030201;1175;2017
01100400;0501030202;3497;2017
01100400;0801040101;78,3;2017
01100400;0801040201;1,147448694;2017
01100400;0501040301;-209;2017
01100400;0501040302;922;2017
01100400;0801040401;4,161096753;2017
01100400;0801040501;67,94881206;2017
01100500;0201010101;3,81;2017
01100500;0801020101;30,589;2017
01100500;0801020201;-;2017
01100500;0801020202;-;2017
01100500;0801020203;-;2017
01100500;0501020301;1880;2017
01100500;0501020302;5210;2017
01100500;0801030101;603,59848;2017
01100500;0501030201;2460;2017
01100500;0501030202;4250;2017
01100500;0801040101;272,5;2017
01100500;0801040201;1,034285714;2017
01100500;0501040301;580;2017
01100500;0501040302;-960;2017
01100500;0801040401;2,121691099;2017
01100500;0801040501;48,54534127;2017
02000000;0201010101;1445,7;2017
02000000;0801020101;339,231;2017
02000000;0801020201;-;2017
02000000;0801020202;-;2017
02000000;0801020203;-;2017
02000000;0501020301;-;2017
02000000;0501020302;-;2017
02000000;0801030101;23484,444;2017
02000000;0501030201;-;2017
02000000;0501030202;-;2017
02000000;0801040101;227,4;2017
02000000;0801040201;0,841226084;2017
02000000;0501040301;-;2017
02000000;0501040302;-;2017
02000000;0801040401;5,928871872;2017
02000000;0801040501;122,0586336;2017
02010000;0201010101;361,36;2017
02010000;0801020101;216,709;2017
02010000;0801020201;-;2017
02010000;0801020202;-;2017
02010000;0801020203;-;2017
02010000;0501020301;-;2017
02010000;0501020302;-;2017
02010000;0801030101;14120,281;2017
02010000;0501030201;-;2017
02010000;0501030202;-;2017
02010000;0801040101;175,3;2017
02010000;0801040201;1,347209596;2017
02010000;0501040301;-;2017
02010000;0501040302;-;2017
02010000;0801040401;3,925431084;2017
02010000;0801040501;95,04977472;2017
02010100;0201010101;25,59;2017
02010100;0801020101;7,029;2017
02010100;0801020201;-;2017
02010100;0801020202;-;2017
02010100;0801020203;-;2017
02010100;0501020301;-;2017
02010100;0501020302;-;2017
02010100;0801030101;1527,308909;2017
02010100;0501030201;-;2017
02010100;0501030202;-;2017
02010100;0801040101;20,1;2017
02010100;0801040201;0,964583333;2017
02010100;0501040301;-;2017
02010100;0501040302;-;2017
02010100;0801040401;1,887380451;2017
02010100;0801040501;54,5902889;2017
02010200;0201010101;24,82;2017
02010200;0801020101;8,854;2017
02010200;0801020201;-;2017
02010200;0801020202;-;2017
02010200;0801020203;-;2017
02010200;0501020301;-;2017
02010200;0501020302;-;2017
02010200;0801030101;1470,720909;2017
02010200;0501030201;-;2017
02010200;0501030202;-;2017
02010200;0801040101;59,2;2017
02010200;0801040201;0,953692506;2017
02010200;0501040301;-;2017
02010200;0501040302;-;2017
02010200;0801040401;1,980654306;2017
02010200;0801040501;113,8654447;2017
02010300;0201010101;53;2017
02010300;0801020101;14,707;2017
02010300;0801020201;-;2017
02010300;0801020202;-;2017
02010300;0801020203;-;2017
02010300;0501020301;-;2017
02010300;0501020302;-;2017
02010300;0801030101;1404,384909;2017
02010300;0501030201;-;2017
02010300;0501030202;-;2017
02010300;0801040101;85,1;2017
02010300;0801040201;1,2;2017
02010300;0501040301;-;2017
02010300;0501040302;-;2017
02010300;0801040401;0,2;2017
02010300;0801040501;50,79;2017
02010400;0201010101;8,28;2017
02010400;0801020101;15,693;2017
02010400;0801020201;-;2017
02010400;0801020202;-;2017
02010400;0801020203;-;2017
02010400;0501020301;-;2017
02010400;0501020302;-;2017
02010400;0801030101;464,2619091;2017
02010400;0501030201;-;2017
02010400;0501030202;-;2017
02010400;0801040101;28;2017
02010400;0801040201;0,86;2017
02010400;0501040301;-;2017
02010400;0501040302;-;2017
02010400;0801040401;0,13;2017
02010400;0801040501;8,17;2017
02010500;0201010101;50,63;2017
02010500;0801020101;6,874;2017
02010500;0801020201;-;2017
02010500;0801020202;-;2017
02010500;0801020203;-;2017
02010500;0501020301;-;2017
02010500;0501020302;-;2017
02010500;0801030101;1225,346909;2017
02010500;0501030201;-;2017
02010500;0501030202;-;2017
02010500;0801040101;179,1;2017
02010500;0801040201;0,96;2017
02010500;0501040301;-;2017
02010500;0501040302;-;2017
02010500;0801040401;2,64;2017
02010500;0801040501;168,1;2017
02010600;0201010101;40,39;2017
02010600;0801020101;53,891;2017
02010600;0801020201;-;2017
02010600;0801020202;-;2017
02010600;0801020203;-;2017
02010600;0501020301;-;2017
02010600;0501020302;-;2017
02010600;0801030101;2160,852909;2017
02010600;0501030201;-;2017
02010600;0501030202;-;2017
02010600;0801040101;40,2;2017
02010600;0801040201;0,82;2017
02010600;0501040301;-;2017
02010600;0501040302;-;2017
02010600;0801040401;11,29;2017
02010600;0801040501;161,98;2017
02010700;0201010101;6,48;2017
02010700;0801020101;19,571;2017
02010700;0801020201;-;2017
02010700;0801020202;-;2017
02010700;0801020203;-;2017
02010700;0501020301;-;2017
02010700;0501020302;-;2017
02010700;0801030101;555,2449091;2017
02010700;0501030201;-;2017
02010700;0501030202;-;2017
02010700;0801040101;27,5;2017
02010700;0801040201;0,69;2017
02010700;0501040301;-;2017
02010700;0501040302;-;2017
02010700;0801040401;7,03;2017
02010700;0801040501;190,29;2017
02010800;0201010101;40,48;2017
02010800;0801020101;20,239;2017
02010800;0801020201;-;2017
02010800;0801020202;-;2017
02010800;0801020203;-;2017
02010800;0501020301;-;2017
02010800;0501020302;-;2017
02010800;0801030101;971,0539091;2017
02010800;0501030201;-;2017
02010800;0501030202;-;2017
02010800;0801040101;47,3;2017
02010800;0801040201;0,82;2017
02010800;0501040301;-;2017
02010800;0501040302;-;2017
02010800;0801040401;3,27;2017
02010800;0801040501;289,82;2017
02010900;0201010101;66,81;2017
02010900;0801020101;15,623;2017
02010900;0801020201;-;2017
02010900;0801020202;-;2017
02010900;0801020203;-;2017
02010900;0501020301;-;2017
02010900;0501020302;-;2017
02010900;0801030101;2640,214909;2017
02010900;0501030201;-;2017
02010900;0501030202;-;2017
02010900;0801040101;138,7;2017
02010900;0801040201;1,14;2017
02010900;0501040301;-;2017
02010900;0501040302;-;2017
02010900;0801040401;28,19;2017
02010900;0801040501;476,3;2017
02011000;0201010101;35,77;2017
02011000;0801020101;6,724;2017
02011000;0801020201;-;2017
02011000;0801020202;-;2017
02011000;0801020203;-;2017
02011000;0501020301;-;2017
02011000;0501020302;-;2017
02011000;0801030101;528,7369091;2017
02011000;0501030201;-;2017
02011000;0501030202;-;2017
02011000;0801040101;81,8;2017
02011000;0801040201;0,81;2017
02011000;0501040301;-;2017
02011000;0501040302;-;2017
02011000;0801040401;6,52;2017
02011000;0801040501;93,77;2017
02011100;0201010101;7,53;2017
02011100;0801020101;47,504;2017
02011100;0801020201;-;2017
02011100;0801020202;-;2017
02011100;0801020203;-;2017
02011100;0501020301;-;2017
02011100;0501020302;-;2017
02011100;0801030101;1172,153909;2017
02011100;0501030201;-;2017
02011100;0501030202;-;2017
02011100;0801040101;23,6;2017
02011100;0801040201;0,1;2017
02011100;0501040301;-;2017
02011100;0501040302;-;2017
02011100;0801040401;0,8;2017
02011100;0801040501;46,3;2017
02020000;0201010101;1084,34;2017
02020000;0801020101;122,522;2017
02020000;0801020201;-;2017
02020000;0801020202;-;2017
02020000;0801020203;-;2017
02020000;0501020301;-;2017
02020000;0501020302;-;2017
02020000;0801030101;9364,163;2017
02020000;0501030201;-;2017
02020000;0501030202;-;2017
02020000;0801040101;76,8;2017
02020000;0801040201;0,9;2017
02020000;0501040301;-;2017
02020000;0501040302;-;2017
02020000;0801040401;2,6;2017
02020000;0801040501;70,89;2017
02020100;0201010101;206,25;2017
02020100;0801020101;8,773;2017
02020100;0801020201;-;2017
02020100;0801020202;-;2017
02020100;0801020203;-;2017
02020100;0501020301;-;2017
02020100;0501020302;-;2017
02020100;0801030101;1038,5656;2017
02020100;0501030201;-;2017
02020100;0501030202;-;2017
02020100;0801040101;116,1;2017
02020100;0801040201;0,9;2017
02020100;0501040301;-;2017
02020100;0501040302;-;2017
02020100;0801040401;6,43;2017
02020100;0801040501;158,33;2017
02020200;0201010101;60,09;2017
02020200;0801020101;13,72;2017
02020200;0801020201;-;2017
02020200;0801020202;-;2017
02020200;0801020203;-;2017
02020200;0501020301;-;2017
02020200;0501020302;-;2017
02020200;0801030101;872,4376;2017
02020200;0501030201;-;2017
02020200;0501030202;-;2017
02020200;0801040101;62,4;2017
02020200;0801040201;0,89;2017
02020200;0501040301;-;2017
02020200;0501040302;-;2017
02020200;0801040401;0,84;2017
02020200;0801040501;15,33;2017
02020300;0201010101;117,72;2017
02020300;0801020101;3,321;2017
02020300;0801020201;-;2017
02020300;0801020202;-;2017
02020300;0801020203;-;2017
02020300;0501020301;-;2017
02020300;0501020302;-;2017
02020300;0801030101;673,3766;2017
02020300;0501030201;-;2017
02020300;0501030202;-;2017
02020300;0801040101;183,7;2017
02020300;0801040201;1,25;2017
02020300;0501040301;-;2017
02020300;0501040302;-;2017
02020300;0801040401;1,36;2017
02020300;0801040501;69,2;2017
02020400;0201010101;86,88;2017
02020400;0801020101;4,789;2017
02020400;0801020201;-;2017
02020400;0801020202;-;2017
02020400;0801020203;-;2017
02020400;0501020301;-;2017
02020400;0501020302;-;2017
02020400;0801030101;467,8636;2017
02020400;0501030201;-;2017
02020400;0501030202;-;2017
02020400;0801040101;94,3;2017
02020400;0801040201;0,31;2017
02020400;0501040301;-;2017
02020400;0501040302;-;2017
02020400;0801040401;2,91;2017
02020400;0801040501;116,91;2017
02020500;0201010101;64,61;2017
02020500;0801020101;5,258;2017
02020500;0801020201;-;2017
02020500;0801020202;-;2017
02020500;0801020203;-;2017
02020500;0501020301;-;2017
02020500;0501020302;-;2017
02020500;0801030101;411,6216;2017
02020500;0501030201;-;2017
02020500;0501030202;-;2017
02020500;0801040101;75;2017
02020500;0801040201;1,1;2017
02020500;0501040301;-;2017
02020500;0501040302;-;2017
02020500;0801040401;5,74;2017
02020500;0801040501;79,47;2017
02020600;0201010101;150,8;2017
02020600;0801020101;6,702;2017
02020600;0801020201;-;2017
02020600;0801020202;-;2017
02020600;0801020203;-;2017
02020600;0501020301;-;2017
02020600;0501020302;-;2017
02020600;0801030101;1825,9856;2017
02020600;0501030201;-;2017
02020600;0501030202;-;2017
02020600;0801040101;300,6;2017
02020600;0801040201;0,89;2017
02020600;0501040301;-;2017
02020600;0501040302;-;2017
02020600;0801040401;2,08;2017
02020600;0801040501;47,52;2017
02020700;0201010101;118,92;2017
02020700;0801020101;8,197;2017
02020700;0801020201;-;2017
02020700;0801020202;-;2017
02020700;0801020203;-;2017
02020700;0501020301;-;2017
02020700;0501020302;-;2017
02020700;0801030101;1863,7106;2017
02020700;0501030201;-;2017
02020700;0501030202;-;2017
02020700;0801040101;221,1;2017
02020700;0801040201;0,79;2017
02020700;0501040301;-;2017
02020700;0501040302;-;2017
02020700;0801040401;5,8;2017
02020700;0801040501;122,07;2017
02020800;0201010101;178,23;2017
02020800;0801020101;2,919;2017
02020800;0801020201;-;2017
02020800;0801020202;-;2017
02020800;0801020203;-;2017
02020800;0501020301;-;2017
02020800;0501020302;-;2017
02020800;0801030101;511,6016;2017
02020800;0501030201;-;2017
02020800;0501030202;-;2017
02020800;0801040101;147,6;2017
02020800;0801040201;1,09;2017
02020800;0501040301;-;2017
02020800;0501040302;-;2017
02020800;0801040401;3,48;2017
02020800;0801040501;82,11;2017
02020900;0201010101;16,3;2017
02020900;0801020101;60,811;2017
02020900;0801020201;-;2017
02020900;0801020202;-;2017
02020900;0801020203;-;2017
02020900;0501020301;-;2017
02020900;0501020302;-;2017
02020900;0801030101;1223,8386;2017
02020900;0501030201;-;2017
02020900;0501030202;-;2017
02020900;0801040101;20,9;2017
02020900;0801040201;0,89;2017
02020900;0501040301;-;2017
02020900;0501040302;-;2017
02020900;0801040401;1,89;2017
02020900;0801040501;55,88;2017
02021000;0201010101;86,88;2017
02021000;0801020101;8,032;2017
02021000;0801020201;-;2017
02021000;0801020202;-;2017
02021000;0801020203;-;2017
02021000;0501020301;-;2017
02021000;0501020302;-;2017
02021000;0801030101;475,1616;2017
02021000;0501030201;-;2017
02021000;0501030202;-;2017
02021000;0801040101;54,8;2017
02021000;0801040201;0,86;2017
02021000;0501040301;-;2017
02021000;0501040302;-;2017
02021000;0801040401;1,89;2017
02021000;0801040501;110,64;2017